PhaseID,C14Age,C14SD,LabID
AAN,4830,185,A-12281
AEV,5030,80,BM-1906
AEV,5120,45,BM-1907
AGC,5130,315,UCR-1725
AEV,5180,60,BM-1908
N,5200,450,Gd-4196
AEV,5210,85,GU-1459
AEV,5224,78,BM-849
AEV,5225,125,GU-524
JC,5265,450,C-744
AEV,5275,47,BM-844
AEV,5330,57,BM-848
AEV,5340,95,GU-523
AH2,5350,400,OxTL196a
AH2C,5350,400,OxTL-196j
AEV,5355,67,BM-843
AEV,5360,57,BM-845
AEV,5372,92,BM-846
AEV,5387,53,BM-847
AEV,5420,80,GU-522
AEV,5740,140,Birm-337
AEV,5825,145,Birm-182
NIs,6130,70,Pta-3486
JC,6180,300,UCLA-1723C
JC,6300,180,GL-49
JC,6550,200,UCLA-1723D
J,6570,165,F-45
J,6605,330,C-742
JC,6650,170,F-44
JC,6650,120,GL-44
J,6670,120,GL-45
JC,6690,360,C-743
J,6710,320,C-113
J,6750,120,GL-50
B,6900,100,OxA-2808
ER,6925,550,GX-2544
JC,6930,360,GL-48
KhE,7000,150,Ly-3716
DHII,7030,90,OxA-1636
HAIII,7060,260,UBAR-395
AAN,7070,50,Beta-134455
KhE,7070,610,Ly-4787
DHII,7140,90,OxA-1728
RsVa,7184,84,P-457
EKII,7200,160,Ly-6496
AK-MJ,7220,160,I-1495
AkTI,7260,50,Beta-138585
B,7270,80,OxA-2764
JC,7270,200,UCLA-1723B
EKIPN,7290,45,GrN-6777
KhTh,7294,78,BM-852
Shs11,7300,150,K-960
KhTh,7308,74,BM-855
AH2B,7310,120,OxA-1232
B,7350,80,OxA-2765
M,7370,400,M-1972
AK-BM,7380,130,I-1496
EKII,7400,300,Ly-4439
EKIPN,7400,45,GrN-6778
JN,7430,100,OxA-375
KhTh,7442,61,BM-854
DHII,7450,90,OxA-1729
KhTh,7451,81,BM-853
BQ,7465,45,GrN-10589
AkTI,7470,80,Beta-138582
KhE,7470,140,Ly-4308
N,7470,60,Gd-5110
BQ,7485,50,GrN-13079
TAH,7485,280,GX-6358
Mz,7490,50,IGAN-773
BQ,7520,50,GrN-13081
BQ,7530,50,GrN-13082
ER,7530,430,GX-2545
KhW,7540,180,Ly-3719
ER,7550,570,GX-2543
Qr,7560,340,Ly-2578
CAIe,7620,140,UCLA-1703C
N,7640,110,Gd-2935
JC,7655,75,GrN-6353
AK-BM,7660,170,I-1489
WSh,7660,210,Beta-35084/WS-6
TD,7670,60,UtC-1097/1098/1099
EKII,7680,200,Ly-2520
RsVb,7686,112,P-458
KhW,7700,150,Ly-3717
TD,7700,90,UtC-1124
HAIII,7710,70,Ly-6494
ER,7730,120,I-5151
SC5,7730,115,Hv-2597
AK-AK,7740,600,SI-207
EKII,7750,130,Ly-6497
HAIII,7750,530,Beta-58926
JC,7750,250,W-608
EKII,7760,510,Ly-4438
EKII,7760,280,Ly-2521
HAIII,7760,90,Beta-69593
AK-AK,7770,330,H-1848
Gri,7770,150,Beta-8240
CHaIII,7796,140,HU-10
JC,7800,120,UCLA-1723A
WSh,7810,340,Beta-35088/WS-11
AGC,7820,240,AA-1165
AK-MJ,7820,190,I-1494
Shs11,7820,150,K-972
WJ13,7830,90,UB-3462
BQ,7840,60,GrN-4820
BQ,7860,40,GrN-8264
Gri,7860,80,Beta-8241
WJ13,7870,100,OxA-1801
CHaIII,7874,70,HU-9
BQ,7880,60,GrN-13090
HAIII,7880,120,Beta-58925
RaII,7880,55,GrN-4823
AH2B,7890,90,OxA-1931
L,7900,0,K-1428
RaII,7900,50,GrN-4822
RsVc,7900,140,GIF-3960
WJ13,7900,80,OxA-2411
BQ,7905,45,GrN-8260
CHaIII,7910,160,OxA-388
RaII,7920,50,GrN-4427
TD,7920,110,UtC-1094/1095/1096
WJ13,7920,100,OxA-1800
BQ,7925,40,GrN-8259
B,7930,80,OxA-2766
ES,7930,70,ISGS-3279
HAII,7930,310,UBAR-290
KhE,7930,320,Ly-3718
KhE,7930,130,Ly-4307
Shs13,7940,150,K-951
BQ,7945,50,GrN-10591
Gri,7950,120,Beta-13218
J,7950,200,W-652
TSAII2,7950,50,UtC-4907
BQ,7960,55,GrN-4819
AkTIII,7970,120,Beta-138586
CHaIII,7980,120,BM-1655R
J,7980,140,UCLA-1714E
N,7980,140,Gd-4204
HAIII,7990,70,Beta-58930
AK-BM,8000,50,B-108256
Gri,8000,230,Beta-13215
Gri,8000,50,GrN-15255
Mz,8010,50,IGAN-772
AH2B,8020,100,BM-1724R
WJ25,8020,80,OxA-2408
BQ,8025,50,GrN-13099
KMIB,8025,65,AA-33130
EKII,8030,80,Ly-4440
CAId,8040,60,GrN-16463
NIs,8050,80,Pta-3376
CAId,8055,75,GrN-5954
CHaIII,8060,130,BM-1658R
TSAL,8065,45,MTC-04347
AGM,8070,230,UCR-1722
MM,8070,75,KN-2443
Gri,8075,40,GrN-15247
BQ,8080,50,GrN-13100
CAId,8080,90,GrN-8819
CHaIII,8080,130,BM-1657R
AK-MJ,8085,145,UGa302
CHaIII,8090,170,BM-1656R
RaI,8090,50,GrN-4821
AK-AK,8100,170,I-1491
Nhe,8100,100,RT-650
TAH,8100,255,GX-6353
AK-AK,8110,80,B-118722
BQ,8110,50,GrN-10592
GD,8110,70,SI-4734
AH2,8115,80,OxA-6418
BQ,8115,40,GrN-8258
WShC,8120,280,Beta-35085/WS-7
PSIII,8125,70,Lyon-292
AK-MJ,8130,70,B-118719
AH2,8140,90,OxA-6336
AK-MJ,8140,70,B-118720
B,8140,80,OxA-2768
BQ,8140,60,GrN-4818
GD,8140,70,SI-4739
RsVc,8142,100,P-459
CHI,8150,210,Ly-3089
GhII,8150,190,GIF-3372
BA,8155,50,GrN-14538
BQ,8155,45,GrN-8261
AGL,8165,50,GrN-12972
AH2,8170,90,OxA-6417
NDv,8170,180,Tx-1125
TeS,8170,100,GrN-9831
AH2B,8180,100,OxA-1930
B,8180,80,OxA-2769
N,8180,120,Gd-4222
NIs,8180,80,Pta-3377
TAH2,8180,200,OxA-4660
KMIB,8185,55,OxA-7461
AH2A,8190,77,BM-1424
DHI,8190,60,BM-2349
Gri,8190,140,GrN-15249
TSAII2,8190,60,GrN-22273
RaI,8200,80,GrN-4428
RaI,8210,50,GrN-4426
UeM,8220,80,Pta-2703
AH2,8230,80,OxA-6419
BQ,8230,35,GrN-13101
Gri,8230,100,GrN-15250
BQ,8240,100,GrN-4852
MM,8240,95,HV-9106
AK-AK,8250,175,H-1845
Nhe,8250,70,BM-2298
AH2,8260,75,OxA-5842
AH2B,8270,100,OxA-2167
B,8270,80,OxA-2770
CHaIII,8270,160,BM-1665R
Nhe,8270,80,Pta-3650
AH2,8275,65,OxA-5843
Az31,8275,80,OxA-2412
Gri,8280,100,GrN-15248
TeS,8280,40,GrN-9832
BQ,8285,50,GrN-13103
AH2,8290,75,OxA-7122
AH2A,8300,150,OxA-877
BQ,8300,50,GrN-13104
HAII,8300,60,Beta-50857
N,8300,150,Gd-6119
N,8300,130,Gd-6108
AH2B,8320,80,OxA-1227
AH2B,8330,100,OxA-2168
BQ,8330,80,GrN-8263
MM,8330,75,HV-9107
AK-AK,8340,100,B-118724
GD-E,8340,80,SI-925
BQ,8345,35,GrN-13102
Az31,8350,120,OxA-870
CHaIII,8350,210,BM-1663R
DHI,8350,100,OxA-1637
HAII,8350,210,Beta-70359
MM,8350,75,KN-2444
CAId,8355,50,GrN-8078
RsVc,8364,101,P-460
AAN,8365,120,A-11803
BQ,8365,50,GrN-13080
AAN,8370,80,A-11805
BA,8380,100,GrN-14537
BQ,8380,45,GrN-8262
AkTIV,8390,110,Beta-138583
ChaIII,8390,140,BM-1660R
WJ7II,8390,80,OxA-2413
TAH2,8393,72,BM-1425
GhI,8400,190,GIF-3374
AAN,8410,80,A-11807
AK-AK,8410,200,S-1246
TG,8410,200,K-1006
AK-AK,8425,180,H-1833
GT,8430,80,Ua-19561
NIs,8430,80,Pta-3000
MM,8440,80,HV-9108
N,8440,130,Gd-2637
GD,8450,70,SI-4736
TA,8450,120,MC-864
AGL,8460,90,GrN-12971
CHaIII,8460,150,BM-1666R
CHaIII,8460,110,BM-1662R
GD,8460,70,SI-4735
Gri,8460,180,Beta-13217
NIs,8460,80,Pta-2999
AGM,8470,650,UCR-1718
CHaIII,8470,140,BM-1664R
CHaIII,8480,110,BM-1667R
CHII,8480,140,Ly-3772
GhI,8480,190,GIF-3375
"MM
MM",8480,70,B-2737
GD,8485,70,SI-4738
AH2A,8490,110,BM-1721R
AH2A,8490,110,OxA-878
AK-AK,8490,90,B-118723
AH2A,8500,120,OxA-1190
AH2A,8500,90,OxA-876
Nhe,8500,220,OxA-1015
WSh,8500,160,Beta-35086/WS-9
J,8520,175,H-551/491
WJ7II,8520,110,OxA-527
GD,8525,70,SI-4733
G1,8528,89,Hd-17221-17359
TSAII3,8530,60,GrN-21319
GD,8535,70,SI-4740
AK-BM,8540,90,B-122721
AsII,8540,110,GIF-2369
JEII,8540,65,BM-1320
CHaIII,8543,66,HU-12
BE,8546,100,P-1379
BE,8550,160,K-1085
NR,8550,60,Pta-3202
AsII,8560,110,GIF-2373
AAN,8565,55,A-11804
AGM,8570,180,AA-1167
AH2A,8570,130,OxA-879
GD-E,8570,210,SI-922
HAII,8570,440,UBAR-394
N,8570,150,Gd-6113
Y,8570,130,RT-736a
CHaIII,8584,65,HU-11
GD,8590,70,SI-4732
Gri,8600,150,GrN-15253
Nhe,8600,120,OxA-1014
WSh,8600,100,Beta-35081/WS-2
AsII,8602,51,LY-11386
AAN,8610,95,A-11806
Gri,8610,90,Beta-13216
JEII,8610,75,P-380
AGM,8620,320,UCR-1721
NDv,8620,140,I-5501
NR,8620,60,Pta-3137
AAN,8625,85,A-11802
GD-E,8625,195,SI-923
G1,8627,46,Hd-17220-17550
N,8630,70,Gd-5111
AH2A,8640,110,OxA-2169
AH2A,8640,100,BM-1722R
BE,8640,160,K-1083
BE,8640,50,GrN-5063
GD-E,8640,90,SI-924
AGM,8650,200,GrN-12970
AsII,8650,55,GrN-6676
GD,8650,70,SI-4737
TA,8650,120,MC-865
TeS,8650,50,GrN-9833
HAII,8655,75,Beta-50856
PSII,8655,65,Lyon-291
TAH,8655,240,GX-6359
JEII,8658,101,P-381
G1,8659,178,DRI-3254
AGM,8660,80,OxA-1472
JEII,8660,260,BM-1771
JEII,8660,130,BM-1793
TAH,8665,195,GX-6355
AH2B,8666,66,BM-1120
NR,8670,60,Pta-2848
WSh,8670,210,Beta-35082/WS-3
TAH2,8676,72,BM-1423
AGM,8680,190,GrN-12962
JEII,8680,70,BM-1770
WJ26,8690,110,OxA-1802
AGM,8700,80,OxA-1473
AH2,8700,240,OxA-6995
Asb,8700,100,UCLA-1714C
Gri,8700,150,GrN-15246
HAI,8700,60,Beta-85928
JEII,8700,110,BM-1769
N,8700,110,Gd-4207
BE,8710,130,K-1082
GhI,8710,190,GIF-3376
JEII,8710,150,BM-253
BE,8715,100,P-1378
AsII,8720,75,GrN-6677
BE,8720,150,K-1412
GD,8720,50,B-108241
WJ26,8720,100,OxA-2407
Y,8720,70,Pta-4245
PSII,8725,100,Lyon-6
BE,8730,160,K-1084
JEII,8730,80,BM-1773
WJ26,8740,110,OxA-2969
AkTV,8750,40,Beta-138584
N,8750,80,Gd-5422
G1,8754,52,DRI-3256
G1,8755,311,DRI-3253
AK-AK,8760,150,UGa294
AK-MJ,8760,165,UGa296
PSII,8760,80,Lyon-289
WShC,8760,280,Beta-35083/WS-5&8
BE,8765,102,P-1381
BE,8770,150,K-1411
GD,8780,50,B-108238
GD,8780,50,B-108240
JEII,8785,100,GrN-963
BE,8790,200,BM-111
Gri,8790,150,GrN-15251
CAIc,8795,50,GrN-6242
G1,8806,52,DRI-3251
AGM,8810,80,GrN-12969
BE,8810,50,GrN-5136
JEII,8810,100,BM-1772
Nhe,8810,120,OxA-1016
WJ7II,8810,110,OxA-526
G1,8812,61,Hd-17219-17541
Gri,8820,150,GrN-15252
PSII,8825,100,Lyon-5
GD-E,8830,50,B-108247
JC,8830,200,W-651
GD,8840,50,B-108244
GD-E,8840,50,B-108249
AK-AK,8850,210,S-1174
BE,8850,150,K-1410
KhE,8850,650,Ly-4785
Nhe,8850,90,Pta-3625
HAII,8860,410,UBAR-384
AsIb,8865,60,GrN-6679
CAIc,8865,45,GrN-8820
GD-E,8870,50,B-108246
Y,8870,90,Pta-4242
AsIb,8875,55,GrN-6678
G1,8880,117,DRI-3252
GD,8888,98,P-1486
AK-MJ,8890,200,SI-160R
Mo,8890,45,RTT-4579
Y,8890,120,RT-736b
BE,8892,115,P-1382
Asb,8900,100,UCLA-1714B
GD-E,8900,50,B-108248
NDv,8900,180,SMU-3
KG,8905,320,-
CAIc,8910,50,GrN-13948
GD,8910,170,Gak-994
MuIVb,8910,150,Mc-737
N,8910,220,Gd-4463
AK-MJ,8920,100,SI-160
CAIc,8920,130,GrN-14862
CHII,8920,160,Ly-3090
GD,8920,50,B-108243
AGM,8930,80,GrN-12967
AGM,8930,60,GrN-12961
GD,8930,60,B-108239
PSII,8930,75,Lyon-574
TAH,8935,245,GX-6357
BE,8940,160,K-1086
GD,8940,50,B-108242
GD,8940,50,B-108245
TAH,8945,275,GX-6356
AGC,8950,390,AA-1166
CHIII,8950,80,Ly-4437
GD,8950,70,SI-4741
HG,8950,100,RT-1396
JEII,8956,103,P-382
Gri,8960,230,GrN-15254
GT,8960,85,Ua-19562
Mo,8965,45,RTT-4577
GD,8968,100,P-1484
AGM,8970,110,GrN-12968
AGM,8970,80,GrN-12963
AGM,8970,80,GrN-12964
CAIb,8980,80,GrN-6244
CHI,8980,150,Ly-3091
CHIII,8990,160,Ly-2182
DJ,8990,100,Ly-6166
Mo,8995,35,RTT 4753
AGM,9000,90,GrN-12959
N,9000,150,Gd-4205
N,9010,170,Gd-2778
G1,9027,116,DRI-3253(a)
AGM,9030,80,GrN-12960
BE,9030,50,GrN-5062
Mo,9030,50,RTT-4882.1
MuIVa,9030,150,Mc-863
N,9030,400,Gd-4364
CAIb,9040,65,GrN-16462
CAIb,9040,35,GrN-14860
JC,9040,250,W-607
Mo,9040,40,RTT-4869.1
AGM,9050,80,GrN-12965
Asb,9050,300,UCLA-1714F
CAIa,9050,140,GrN-10359
Mo,9050,80,TO-11711
AH1,9060,140,OxA-475
DJ,9070,220,Ly-6164
Mo,9080,30,RTT 4865
CAIb,9090,50,GrN-14861
AGM,9100,140,AA-1164
AH1,9100,100,BM-1719
DJ,9100,80,Ly-6165
Mo,9100,30,RTT 4751
WSh,9100,140,Beta-35087/WS-10&12
KMIA,9110,70,AA-33129
PSI,9110,90,Lyon-573
SC5,9120,85,KN-I 336
BE,9128,103,P-1380
Mo,9130,30,RTT 4749
MuIVa,9130,150,Mc-862
N,9130,60,Gd-5240
DJ,9140,390,Ly-5823
JEII,9140,70,GrN-942
N,9140,150,Gd-4365
N,9140,90,Gd-5424
N,9140,90,Gd-5425
Mo,9150,35,RTT 4866
CAIb,9155,35,GrN-14857
DJ,9160,75,Ly-5822
M,9160,500,M-1793
WSh,9160,190,Beta-35089/WS-13&14
CAIb,9170,50,GrN-14859
JEII,9170,200,BM-115
Mo,9170,80,TO-11712
N,9170,130,Gd-2936
N,9170,90,Gd-5186
CAIa,9175,55,GrN-8821
CAIa,9180,80,GrN-10358
DJ,9190,65,Ly-8843
AGM,9200,110,GrN-12966
CAIb,9200,60,GrN-4459
DJ,9200,100,UtC-2367/9
JEI,9200,70,BM-1789
Mo,9200,45,RTT-4867
Mo,9200,40,RTT 4867
CAIb,9205,45,GrN-13949
PSI,9205,75,Lyon-572
Mo,9210,25,RTT 4752
Nhe,9210,300,BM-2299
NC,9212,76,Hd-16783-769
AsIb,9220,70,LY-11384
JEI,9230,220,BM-1326
JEI,9230,80,BM-1321
N,9230,160,Gd-6130
ZAD,9230,59,WK-9633
KMIA,9235,70,AA-33128
GD,9239,196,P-1485
CAIb,9240,90,GrN-13947
NC,9243,55,Hd-16782-351
DJ,9245,65,Ly-8844
CAIa,9250,60,GrN-8079
N,9250,70,Gd-5421
NC,9261,181,Hd-16781-835
AsIb,9270,120,GIF-2371
EAS,9270,120,LY-6996
CAIb,9275,95,GrN-6241
DJ,9280,60,Ly-8841
JEI,9280,100,BM-1787
MuIVb,9280,150,Mc-736
AsIb,9285,50,LY-11383
CAIa,9290,110,GrN-10361
AH1,9300,250,OxA-406
Mo,9310,30,RTT 4750
PSI,9310,80,Lyon-290
KMIA,9315,60,OxA-7460
CAIa,9320,55,GrN-6243
JEI,9320,150,BM-252
ZAD,9323,59,WK-9444
AsIb,9340,120,GIF-2370
HG,9340,70,RT-1397
DJ,9370,75,Ly-8842
N,9370,120,Gd-6131
AH2A,9374,72,BM-1122
JEI,9380,85,BM-1322
JEI,9380,85,BM-1323
JEI,9390,150,BM-251
JAA,9395,55,Ly-10647
SC5,9395,130,Hv-3368
N,9410,550,Gd-4213
N,9420,90,Gd-5443
JEI,9430,85,BM-1324
N,9440,160,Gd-2966
ZAD,9440,50,OZE-606
JAB,9445,75,Ly-10649
GT,9452,73,Hd-20025
N,9470,140,Gd-2713
ZAD,9470,50,OZE-607
N,9480,170,Gd-2773
N,9490,170,Gd-2972
ZAD,9490,50,OZE-605
N,9500,130,Gd-4193
SVI,9500,130,Rt-?
MuIII,9509,122,P-1224
HCT,9510,200,BETA-66850
N,9510,150,Gd-6129
HAI,9520,180,Beta-61488
MuIII,9520,150,Mc-612
ZAD,9528,61,WK-9570
N,9530,140,Gd-6120
AH1,9540,170,OxA-432
DJ,9540,290,Ly-5820
MuIII,9540,130,Mc-615
ZAD,9552,59,WK-9445
GT,9559,53,Hd-20036
CHIII,9560,190,Ly-4436
JEI,9560,65,BM-1327
MuIII,9570,200,Mc-614
N,9570,130,Gd-2766
QD,9580,95,OxA-3754
JEI,9582,89,P-377
AH1,9600,200,OxA-476
HCT,9600,180,BETA-66852
MuIVa,9600,150,Mc-861
NH,9600,170,RT-762B
ZAD,9603,59,WK-9447
Da,9610,170,ISGS-3277
DJ,9610,170,Ly-5821
JAB,9620,60,Ly-1589
MuIII,9620,200,Mc-613
ZAD,9623,91,WK-9568
N,9630,160,Gd-4453
AsIa,9640,120,GIF-2372
N,9640,300,Gd-4474
QD,9640,85,OxA-3757
JEI,9655,84,P-379
Mf,9660,250,OxA-3749
NH,9660,70,Pta-4556
MuIII,9675,110,Mc-616
JAB,9680,90,Ly-7489
Mf,9680,100,OxA-3819
NH,9680,140,RT-762A
TAH2,9680,90,OxA-1228
NH,9700,150,OxA-744
NH,9700,80,Pta-4590
GgI,9710,70,Pta-4585
QD,9710,85,OxA-3755
N,9720,130,Gd-6148
AsIa,9730,120,GIF-2633
MuIII,9730,150,Mc-735
JAB,9740,60,Beta-71866
N,9740,150,Gd-2937
NH,9750,90,Pta-4555
N,9770,520,Gd-4371
N,9770,240,Gd-4372
JEI,9775,110,P-378
N,9780,180,Gd-6121
N,9780,130,Gd-2963
NH,9780,150,RT-762F
NH,9780,90,Pta-4557
AMA,9790,100,Pta-4451
AMA,9790,100,Pta-4572
Ge,9790,140,Pta-868B
JAB,9790,80,Ly-275 (OxA)
NH,9790,380,RT-502A
EWB1,9795,600,UCLA-
AMA,9800,80,Pta-4580
N,9800,160,Gd-6127
N,9800,130,Gd-6152
AsIa,9805,115,LY-11385
JAB,9810,60,Beta-71870
Ge,9820,140,Pta-868A
GgI,9830,80,Pta-4583
Da,9835,65,ISGS-A0246
Da,9835,59,ISGS-A0248
AH1,9840,200,OxA-433
HCT,9840,50,BETA-55050
MuIII,9840,260,Mc-611
JAB,9855,70,Ly-10648
AH1,9860,220,OxA-6996
AMA,9870,100,Pta-4577
Ge,9870,80,Pta-4595
HCT,9870,110,BETA-66856
Mf,9870,140,OxA-3747
N,9870,160,Gd-6128
HCT,9890,90,BETA-67463
Mf,9890,120,OxA-3748
AK-BM,9900,200,UCLA-750D
GgI,9900,220,RT-777b
AMA,9920,80,Pta-4552
GgI,9920,70,Pta-4588
MuIII,9921,114,P-1222
HCT,9930,110,BETA-66854
N,9930,230,Gd-4224
Da,9940,180,ISGS-3278
IeDII,9941,72,AA-38145
AK-AK,9950,190,I-1490
GgI,9950,150,RT-777a
GgI,9950,150,RT-777c
MuIII,9950,150,Mc-734
N,9950,100,Gd-5595
IedII,9952,64,AA-38140
IeDII,9959,100,OxA-2567
Da,9960,110,ISGS-2898
JAB,9965,55,Ly-10651
AMA,9970,120,Pta-4568
ASa,9970,150,I-5498
N,9970,170,Gd-6110
NH,9970,150,RT-762C
Da,9984,67,AA-38143
MuIII,9985,115,P-1220
N,9990,140,Gd-6143
AH1,10000,170,OxA-473
Da,10000,68,AA-38144
HCT,10000,80,BETA-67464
HTN,10000,100,OxA-1899
CAIa,10020,240,GrN-19481
Ge,10020,100,Pta-4553
N,10020,80,Gd-5257
MuII,10023,96,P-1215
MuIA,10030,150,Mc-733
Shs11,10030,150,K-981
Da,10031,69,AA-38141
HCT,10040,160,BETA-46647
N,10040,130,Gd-4209
NOTN,10046,318,BM-764
AH1,10050,180,OxA-407
HCT,10050,80,BETA-55049
Da,10059,73,AA-38142
HCT,10060,120,BETA-47211
HCT,10060,90,BETA-66855
N,10070,120,Gd-2970
MuIA,10090,170,Mc-674
MuII,10092,118,P-1216
HTN,10100,160,OxA-2573
N,10100,130,Gd-4208
RH,10100,100,Pta-3286
AMA,10110,100,Pta-2699
QD,10115,95,OxA-3756
N,10130,180,Gd-6111
QD,10145,90,OxA-3752
MuIA,10170,200,Mc-635
N,10180,190,Gd-4210
N,10180,130,Gd-2777
WSh,10220,250,Beta-35080/WS-1
ASa,10230,150,I-5499
ASa,10230,150,I-5500
CAIa,10230,200,GrN-19482
MuIA,10230,170,Mc-731
MuIA,10230,170,Mc-732
MuII,10232,117,P-1217
AH1,10250,160,OxA-408
RH,10250,100,Pta-3288
N,10260,179,Gd-4211
JNat,10300,200,BM-106
RH,10300,100,Pta-3001
HCT,10320,110,BETA-66858
N,10330,150,Gd-2971
MuIA,10350,150,Mc-675
CAIa,10360,150,GrN-10360
N,10370,330,Gd-4475
RH,10380,100,Pta-3284
RH,10390,100,Pta-3285
GD-E,10400,150,Gak-807
MRW,10400,100,RT-1068N/Pta-3687
N,10400,190,Gd-2973
AH1,10420,140,OxA-397
MRE,10430,80,Pta-3483
AH1,10450,180,OxA-435
MuII,10460,200,Lv-606
N,10480,180,Gd-4212
AH1,10490,150,OxA-434
RHo,10490,430,SMU-9
HCT,10500,170,BETA-55051
RH,10500,100,Pta-3009
HCT,10520,190,BETA-67462
MRE,10530,80,Pta-3371
RCnat,10580,140,I-7030
HCT,10590,170,BETA-55052
MuIB,10590,140,Lv-607
MuII,10590,170,Lv-605
AH1,10600,200,OxA-170
AH1,10600,200,OxA-171
SB1,10600,30,WC-667
AH1,10620,150,OxA-471
IeDI,10657,82,AA-38278
AH1,10680,150,OxA-431
N,10700,190,Gd-4478
IeDI,10723,68,AA-38279
AH1,10750,170,OxA-472
IeDI,10785,285,GX-17399
TAH1,10792,82,BM-1121
AH1,10800,160,OxA-386
HCT,10800,220,BETA-46649
JNat,10800,180,GL-70
ZCSB,10800,300,W-681(2)
AH1,10820,160,OxA-470
AGM,10850,610,UCR-1729
ZCSB,10870,300,W-681(1)
RHo,10880,280,SMU-10
AH1,10900,200,OxA-172
N,10900,140,Gd-2714
BEnat,10910,520,AA-1462
AH1,10920,140,OxA-469
AH1,10930,150,OxA-474
S,10930,130,OxA-2136
RCnat,10980,260,I-7032
SIV,11000,140,Pta-3003
AH1,11020,150,OxA-430
AH1,11070,160,OxA-387
AH1,11090,150,OxA-468
JNat,11090,90,BM-1407
N,11090,190,Gd-4469
AH1,11140,140,BM-1718
IeDI,11145,120,GX-17077
KCB,11150,400,UCLA--?
N,11150,560,Gd-4477
S,11150,100,OxA-2869
JNat,11166,107,P-376
IeDI,11175,400,GX-17398
N,11180,90,Gd-5249
J,11200,200,W-665
HTN,11220,110,OxA-2569
J,11240,300,w-657
N,11300,200,Gd-4118
AMIII,11310,880,Ly-1662
AH1,11450,300,OxA-883
EWB2,11475,600,UCLA
Sa,11530,550,RT-505A
AMIII,11590,540,Ly-1660
IsPZ,11590,95,GrN-6415
SIV,11700,140,Pta-3690
HTN,11720,120,OxA-2977
AMIII,11740,570,Ly-1661
HTN,11790,120,OxA-2975
HTN,11790,110,OxA-2572
HTN,11820,120,OxA-2570
AGM,11875,650,UCR-1723
EWB2,11920,660,UCLA-?
HTN,11920,90,SMU-231
WH27,11920,150,OxA-393
WH27,11950,160,OxA-507
QD,11990,100,OxA-3753
HCB,12010,180,OxA-743
J2C,12090,800,SMU-805
BEnat,12130,190,AA-1464
NS23,12200,150,OxA-2137
WH27,12200,160,OxA-394
N,12240,340,Gd-4473
SaIXK,12300,470,Pta-3008
THA,12320,90,ETH-306
HCB,12360,160,OxA-742
SB2,12400,40,WC-179
BEnat,12450,170,AA-1465
ND,12610,130,OxA-892
EWB2,12620,110,Pta-5435
MV,12700,90,Pta-2157
WJ10,12700,300,OxA-918
J2C,12784,650,SMU-803
WJ22C,12840,140,OxA-1772
MXIV1,12900,235,QC-202
BEnat,12910,250,AA-1463
EWB2,12950,200,RT-1368
MV,12990,110,SMU-171
WJ22C,13040,180,OxA-1771
IsPZ,13060,110,GrN-6356
MXVI,13060,220,RT-447c
WJ10,13120,180,OxA-1000
NZ,13170,230,I-5497
MXIV1,13260,200,MC-993
MI,13310,100,SMU-117
WJ8,13310,120,OxA-521
ND,13400,180,OxA-859
WJ22E,13490,110,OxA-2409
NZ,13530,144,SMU-268
WJ22E,13540,120,OxA-2410
IsPZ,13600,460,UCLA-1714D
N,13600,900,Gd-4476
MXIV2,13690,740,MC-992
MXIV2,13750,285,QC-201
MXIV1,13800,150,RT-473A
MXIV1,13800,130,SMU-225
MXIV2,13830,490,RT-447d
MXIV1,13900,400,RT-417
MXVIII,13930,110,SMU-217
QBD/E,13930,120,Pta-2158
MXIV2,14100,100,RT-473b
QBG,14130,160,Pta-2159
MXVII,14170,480,SMU-661
IsPZ,14210,80,GrN-6358
Md,14300,650,KN-3593
MXIV2,14330,120,SMU-226
IsPZ,14350,280,UCLA-1703A
UeR,14440,150,OxA-1503
IsPZ,14480,75,GrN-6357
Ar1,14500,190,SMU-2373
UeR,14650,120,OxA-2837
WJ10,14790,200,OxA-520
UeR,14800,130,OxA-2839
TaBE,14850,160,TO-991
UeR,14860,130,OxA-2836
UeR,14880,120,OxA-2840
UeR,14980,130,OxA-2842
UeR,15050,160,OxA-2838
UeR,15190,130,OxA-2835
KIVD,15200,450,KN-4192
Md,15300,600,KN-3594
RC,15460,200,I-7031
WJ6A,15470,130,AA-5492
WJ6A,15520,200,OxA-524
OII,15550,130,RT-1246
Whs1065,15580,259,UA-4392
EGI4,15700,415,GrN-5576
KIVD,15700,160,KN-4193
UeR,15730,130,OxA-2841
NOTK,15800,300,UCLA-1776A
Whs1065,15860,430,UA-4394
WJ6A,16010,200,OxA-525
HamIV,16230,200,OxA-2143
Whs1065,16570,380,UA-4390
WJ6A,16575,120,AA-5491
Whs1065,16670,270,Beta-57900
WJ6A,16695,120,AA-5493
WJ6A,16700,140,AA-5494
WH31,16740,220,ANU-4654
Whs1065,16790,340,UA-4393
NOTK,16880,340,UCLA-1776B
Whs1065,16900,500,UA-4391
OII,17500,200,RT-1297
H2,17600,600,RT-386
OII,18210,240,RT-1623
N,18250,220,Gd-5440
NOTK,18250,320,UCLA-1776C
OII,18360,230,RT-1244
U14M,18400,250,OxA-866
SaIXK,18500,100,Pta-3385
OII,18600,220,RT-1343
OII,18680,180,OxA-2564
OII,18700,180,RT-1617
OII,18760,180,RT-1358
OII,18760,180,RT-1359
OII,18900,400,RT-1252
U14U,18900,250,OxA-865
RC,18910,330,I-6865
OII,19000,190,RT-1251
OII,19110,390,OxA-2566
OII,19220,180,RT-1618
OII,19250,400,RT-1250
OII,19310,190,OxA-2565
OII,19400,220,Pta-5374
OII,19400,220,Pta-5375
OII,19500,170,RT-1342
U18U,19500,250,OxA-868
WH26,19500,600,SUA-2101
OII,19590,150,RT-1616
OII,19600,400,Pta-5386
OII,19800,360,RT-1248
U18U,19800,250,OxA-864
OII,19860,190,RT-1619
OII,20070,270,RT-1621
OII,20100,440,Pta-5387
OII,20190,170,RT-1622
WHs618,20300,600,AA-4395
N,20800,550,Gd-4223
OII,20830,180,RT-1620
OII,20840,290,RT-1624
OII,21050,330,RT-1625
WJ9,21150,400,OxA-519
U18L,23200,400,OxA-867
N,25200,670,Gd-2775
N,27000,0,Gd-4214
SCD,28700,700,W-654
N,37700,0,Gd-2967
N,40000,0,Gd-5237
SCD,46000,0,GRO-2527
SCD,50000,0,GRO-1495
